url_length,hostname_length,path_length,dot_count,hyphen_count,at_count,question_count,ampersand_count,slash_count,digit_count,subdomain_count,has_ip,has_https,has_suspicious_keyword,has_shortener,has_port,entropy,class
58,11,1,3,1,0,0,1,3,5,0,0,1,0,0,0,2.551,benign
82,32,76,6,1,0,3,1,10,10,1,1,0,1,0,0,3.931,phishing
66,18,6,1,1,0,0,2,4,4,1,0,1,0,0,0,3.144,benign
125,36,58,6,2,0,0,5,6,11,1,1,1,1,0,0,5.168,phishing
28,19,22,1,2,0,1,0,6,5,0,0,1,0,0,0,4.073,benign
143,53,40,7,3,0,0,1,3,12,4,0,0,1,1,0,4.129,phishing
59,23,25,3,1,0,0,2,3,1,1,0,1,0,0,0,4.195,benign
72,50,75,2,1,1,1,5,5,15,1,0,0,1,0,0,4.606,phishing
18,29,7,3,2,0,1,2,2,2,1,0,1,0,0,0,4.152,benign
152,29,76,2,6,0,1,1,8,7,1,0,0,1,0,0,5.471,phishing
69,17,15,1,0,0,2,0,2,5,1,0,1,1,0,0,3.622,benign
176,53,33,4,5,1,3,1,11,8,3,0,1,1,0,0,4.403,phishing
33,15,4,2,0,0,2,1,6,1,0,0,0,0,0,0,3.961,benign
64,50,42,4,6,0,1,5,12,17,2,1,1,1,0,0,4.362,phishing
45,21,29,3,0,0,2,0,2,3,1,0,1,0,0,0,2.738,benign
78,35,71,3,1,0,0,0,11,2,1,1,1,1,0,0,3.927,phishing
43,9,10,2,0,0,1,2,5,2,1,0,1,0,0,0,3.327,benign
79,36,39,2,5,0,0,5,8,3,1,0,0,1,1,0,5.422,phishing
23,13,4,3,0,0,2,1,5,0,0,0,1,0,0,0,3.461,benign
95,34,38,7,6,0,2,3,5,11,4,0,1,1,0,0,5.497,phishing
24,10,34,1,2,0,1,1,4,0,0,0,1,0,0,0,3.54,benign
158,59,79,2,6,0,2,5,4,6,3,0,0,1,0,0,4.71,phishing
63,18,13,3,2,0,1,3,4,0,0,0,1,0,0,0,2.722,benign
180,34,32,7,4,0,3,4,3,5,1,1,1,1,0,0,4.238,phishing
53,12,27,1,0,0,1,2,2,2,0,0,1,0,0,0,3.987,benign
179,57,31,3,2,1,1,3,3,7,3,1,0,1,0,0,3.996,phishing
28,30,6,2,0,0,1,1,3,3,1,0,1,0,0,0,2.828,benign
97,35,20,8,3,0,3,5,11,12,1,0,1,1,0,1,4.031,phishing
24,27,27,2,2,0,1,3,6,4,0,0,1,0,0,0,2.503,benign
173,69,80,7,6,1,1,2,9,4,3,0,1,1,0,1,4.514,phishing
60,21,20,2,2,0,1,1,3,3,1,0,1,0,0,0,3.431,benign
55,37,48,3,4,0,2,3,10,16,2,0,1,1,1,0,4.818,phishing
36,24,21,1,0,0,2,2,3,1,0,0,0,0,0,0,2.624,benign
108,74,36,7,6,0,3,1,5,2,1,1,0,1,1,0,4.429,phishing
53,15,7,2,0,0,1,2,5,4,1,0,1,0,0,0,3.307,benign
88,66,43,8,6,0,3,5,6,10,4,0,0,1,0,0,4.58,phishing
26,12,14,2,2,0,0,1,2,3,1,0,1,0,0,0,3.162,benign
153,55,14,8,5,0,0,2,7,14,4,0,1,1,0,0,4.476,phishing
35,21,31,1,1,0,1,3,7,1,1,0,1,1,0,0,3.506,benign
139,19,22,7,4,0,3,1,3,10,4,0,0,1,0,0,4.057,phishing
71,21,16,1,1,0,0,0,4,1,0,0,1,0,0,0,2.839,benign
57,57,31,3,2,0,0,4,6,16,3,1,0,1,0,0,3.729,phishing
70,13,19,1,2,0,0,2,6,5,1,0,1,0,0,0,3.566,benign
68,62,50,8,6,0,0,4,3,13,4,0,0,1,0,0,4.34,phishing
49,11,27,2,2,0,1,1,5,1,1,0,1,0,0,0,3.904,benign
130,35,53,8,2,0,0,2,10,9,4,0,1,1,0,0,4.15,phishing
49,14,22,2,1,0,1,2,6,0,0,0,1,0,0,0,3.674,benign
137,63,74,5,1,0,1,3,6,11,3,0,0,1,0,0,4.162,phishing
62,22,17,2,1,0,0,0,7,1,1,0,1,0,0,0,2.868,benign
116,35,79,6,3,1,1,2,6,13,2,0,1,1,0,0,3.609,phishing
36,30,8,3,1,0,0,0,6,2,1,0,1,0,1,0,3.965,benign
69,70,20,5,4,0,0,1,5,11,1,1,0,1,0,0,5.081,phishing
32,24,24,2,1,0,1,3,4,4,0,0,1,0,0,0,2.859,benign
139,23,32,3,2,0,1,0,9,16,4,0,0,1,0,0,4.408,phishing
61,15,16,3,2,0,2,1,5,0,0,0,1,0,0,0,2.782,benign
94,56,48,5,1,0,2,5,9,10,4,0,0,1,1,0,4.707,phishing
19,10,14,3,2,0,2,0,7,2,0,0,1,0,0,0,2.973,benign
129,45,74,2,4,0,2,2,4,7,3,0,0,1,0,0,5.021,phishing
20,22,5,2,1,0,1,0,5,4,0,0,1,0,0,0,3.115,benign
151,49,68,8,1,0,1,2,10,17,1,0,0,1,0,0,4.122,phishing
18,25,26,1,0,0,0,3,2,5,0,0,1,0,0,0,3.919,benign
180,48,43,5,5,0,1,4,11,6,1,0,1,1,0,1,4.515,phishing
70,8,18,3,1,0,2,3,3,3,1,0,1,0,0,0,3.047,benign
79,62,42,6,4,0,3,0,8,17,4,0,1,1,1,1,4.491,phishing
20,12,32,3,1,0,0,3,2,4,1,0,0,0,0,0,2.627,benign
155,34,55,6,6,0,0,2,11,14,3,0,1,1,0,0,4.735,phishing
33,28,18,1,2,0,0,3,2,5,0,0,1,0,0,0,3.853,benign
92,40,59,5,2,0,3,4,5,7,2,0,1,1,0,0,5.326,phishing
27,15,29,3,1,0,1,2,7,0,1,0,1,0,0,0,3.087,benign
130,37,66,7,3,0,2,1,9,17,1,0,0,1,0,1,4.09,phishing
71,29,25,2,0,0,2,0,6,5,1,0,1,0,0,0,3.863,benign
83,58,36,6,3,0,1,5,4,3,3,1,0,1,0,0,5.319,phishing
38,21,11,1,0,0,2,2,6,4,1,0,1,0,0,0,3.871,benign
150,73,55,8,1,0,0,1,6,14,3,0,0,1,0,0,4.237,phishing
65,29,16,3,1,0,2,2,2,5,0,0,1,0,0,0,3.537,benign
137,22,71,7,3,0,0,1,3,3,3,1,0,1,0,0,4.277,phishing
41,29,34,2,2,0,2,1,5,5,0,0,1,0,0,0,3.673,benign
82,46,68,3,3,0,2,4,8,3,4,0,1,1,1,0,3.683,phishing
31,28,1,1,1,0,0,1,6,1,0,0,1,0,0,0,2.896,benign
154,27,12,4,2,1,2,1,4,2,2,0,1,1,0,0,3.848,phishing
21,12,26,3,0,0,2,0,5,3,1,0,1,0,0,0,2.574,benign
155,73,78,4,4,0,0,0,10,14,4,0,0,1,1,0,3.662,phishing
56,12,4,1,1,0,2,2,5,4,1,0,1,0,0,0,3.95,benign
138,74,39,5,4,1,3,2,10,14,4,1,0,1,0,0,5.407,phishing
61,23,4,1,0,0,0,3,2,5,1,0,1,0,0,0,3.06,benign
70,44,57,8,6,1,3,5,3,11,3,0,0,1,0,0,3.948,phishing
24,19,35,2,0,0,1,1,5,4,0,0,1,0,0,0,2.965,benign
152,37,55,4,1,0,1,4,9,4,2,1,1,1,0,0,4.252,phishing
47,18,10,2,1,0,2,2,6,4,0,0,1,0,0,0,2.639,benign
111,60,66,5,5,0,2,1,11,5,3,0,0,1,0,0,4.834,phishing
20,15,25,3,0,0,0,1,4,1,0,0,1,0,0,0,3.232,benign
71,42,80,7,2,0,2,0,9,3,4,0,1,1,1,0,4.647,phishing
63,28,26,2,0,0,1,0,4,1,1,0,1,0,0,0,2.914,benign
130,43,79,2,4,1,2,1,8,7,1,0,0,1,0,1,4.199,phishing
64,28,9,1,0,0,0,2,3,1,0,0,1,0,0,0,3.34,benign
151,54,69,7,5,0,2,5,8,6,4,0,0,1,0,0,3.612,phishing
50,10,19,2,1,0,0,0,4,2,0,0,1,1,0,0,3.154,benign
129,53,17,5,5,0,2,4,10,18,2,1,0,1,1,0,5.465,phishing
23,24,11,1,0,0,2,3,5,4,0,0,1,0,0,0,3.654,benign
61,68,54,2,3,0,3,2,7,6,3,0,1,1,1,0,4.812,phishing
60,20,8,3,2,0,0,2,6,3,1,0,1,0,0,0,3.665,benign
122,23,66,6,3,0,2,1,6,12,4,0,1,1,0,0,5.076,phishing
50,25,33,1,2,0,1,1,6,3,0,0,1,0,0,0,2.781,benign
111,20,64,4,6,0,3,4,7,16,2,0,0,1,1,0,5.17,phishing
41,29,28,2,1,0,1,3,3,1,0,0,1,0,0,0,4.088,benign
146,72,78,8,1,0,1,2,10,18,2,1,0,1,1,0,5.269,phishing
19,21,3,2,2,0,1,1,5,0,1,0,1,0,0,0,3.07,benign
73,26,16,4,4,0,1,5,10,16,1,1,0,1,0,0,5.38,phishing
56,24,27,1,1,0,0,2,2,0,0,0,1,0,0,0,4.039,benign
131,52,14,7,5,0,1,2,9,2,3,0,0,1,0,0,5.449,phishing
22,24,34,3,2,0,2,0,5,3,0,0,1,1,0,0,3.84,benign
99,33,25,8,5,0,2,1,3,13,3,1,0,1,0,0,4.891,phishing
58,13,8,1,2,0,1,0,4,1,0,0,1,0,0,0,3.177,benign
159,52,72,4,1,0,1,2,8,3,3,0,1,1,0,0,4.379,phishing
42,18,11,2,2,0,1,2,6,2,0,0,1,0,0,0,3.427,benign
96,24,22,4,6,0,3,4,9,7,4,0,0,1,1,0,5.496,phishing
35,28,3,1,2,0,2,3,4,4,0,0,1,0,0,0,2.559,benign
63,33,58,4,4,1,0,4,5,16,3,0,1,1,0,0,4.296,phishing
59,16,15,1,0,0,2,1,5,4,1,0,1,0,0,0,2.865,benign
133,36,74,3,1,0,0,3,5,16,1,1,1,1,1,0,4.919,phishing
53,25,18,2,0,0,2,1,4,4,0,0,1,0,0,0,2.545,benign
125,54,59,5,5,0,0,0,7,14,4,0,1,1,1,0,5.445,phishing
59,10,28,2,2,0,2,2,3,4,0,0,1,0,0,0,3.913,benign
121,27,50,3,2,0,1,2,11,11,1,0,0,1,0,0,4.106,phishing
52,10,32,3,0,0,2,1,3,5,1,0,1,0,0,0,2.577,benign
137,67,45,7,2,0,3,4,3,17,3,0,0,1,0,0,4.312,phishing
47,10,3,1,1,0,1,3,5,1,1,0,1,0,0,0,3.963,benign
179,43,28,8,3,0,0,2,6,16,1,0,0,1,0,0,4.268,phishing
57,21,15,1,1,0,2,2,3,1,1,0,1,0,0,0,2.653,benign
105,50,70,3,2,0,0,0,7,17,4,0,0,1,0,0,4.029,phishing
41,20,23,1,1,0,0,1,4,4,1,0,0,0,0,0,4.181,benign
142,57,27,3,1,0,2,4,8,6,2,0,0,1,0,0,4.927,phishing
69,23,33,2,0,0,2,1,4,4,1,0,1,1,0,0,3.072,benign
161,50,80,5,6,0,3,0,8,12,1,1,0,1,0,0,4.876,phishing
19,27,30,2,2,0,2,1,7,0,1,0,1,0,0,0,2.751,benign
142,33,16,6,6,0,0,3,8,15,2,0,0,1,0,0,4.443,phishing
72,9,8,3,0,0,2,2,7,3,1,0,1,0,0,0,3.102,benign
153,73,45,6,4,0,1,2,11,11,2,1,1,1,0,0,4.88,phishing
49,18,30,2,2,0,2,2,4,0,1,0,1,0,0,0,2.749,benign
60,36,22,4,4,0,3,1,6,10,3,0,0,1,0,0,4.84,phishing
51,15,14,1,0,0,1,2,7,3,0,0,1,0,1,0,2.768,benign
138,74,72,5,6,0,2,2,7,3,1,0,0,1,0,0,3.575,phishing
29,21,11,1,1,0,1,1,7,2,0,0,0,0,0,1,2.984,benign
137,52,79,5,2,1,3,2,6,5,3,0,0,1,0,0,4.973,phishing
68,17,12,1,2,0,2,3,5,4,1,0,1,0,0,0,3.05,benign
86,18,45,5,2,0,2,2,7,2,3,0,1,1,0,0,4.114,phishing
43,29,32,3,1,0,2,0,7,2,1,0,1,0,0,0,3.771,benign
132,41,65,7,5,1,1,1,12,4,4,0,0,1,1,0,5.158,phishing
75,24,12,3,2,0,0,1,4,4,1,0,1,0,0,0,3.368,benign
158,21,70,3,5,0,0,4,10,11,1,0,1,1,0,0,3.591,phishing
40,30,4,3,0,0,0,3,2,2,1,0,1,0,0,0,4.138,benign
102,75,60,5,4,0,1,5,8,5,2,1,0,1,0,1,5.17,phishing
66,8,19,2,2,0,2,3,6,3,0,0,1,0,0,0,3.733,benign
69,20,65,6,1,0,0,0,12,3,4,0,1,1,0,0,4.305,phishing
32,25,13,1,0,0,2,2,3,5,1,0,1,0,0,0,3.99,benign
139,51,40,5,3,0,1,5,9,17,1,1,1,1,0,0,4.137,phishing
44,21,9,2,1,0,0,3,3,1,1,0,1,0,0,0,3.202,benign
108,53,79,3,4,0,1,2,4,16,3,0,1,1,0,0,4.847,phishing
56,9,4,1,2,0,2,1,5,1,1,0,1,0,0,0,3.761,benign
150,66,73,3,6,0,1,3,6,12,3,0,0,1,0,0,4.526,phishing
49,22,6,3,1,0,1,1,4,2,1,0,0,0,0,0,3.441,benign
129,55,65,4,2,0,1,3,12,9,4,0,1,1,0,0,4.477,phishing
64,28,31,2,0,0,2,2,3,1,1,0,1,0,1,0,3.391,benign
162,72,21,8,6,0,0,3,5,9,1,1,0,1,0,0,4.736,phishing
60,27,30,3,1,0,0,0,6,4,1,0,0,0,0,0,2.529,benign
159,62,67,8,2,0,0,4,5,9,2,0,0,1,0,0,3.658,phishing
43,22,15,3,0,0,1,0,7,5,0,0,1,0,0,0,2.516,benign
76,23,75,8,4,0,2,4,4,18,1,0,1,1,0,0,4.042,phishing
22,29,17,3,2,0,2,0,3,2,0,0,1,0,0,0,3.177,benign
64,37,32,6,2,0,3,5,11,12,4,1,0,1,1,0,4.502,phishing
40,9,6,2,0,0,0,2,6,4,1,0,1,0,0,0,3.266,benign
84,40,60,5,2,0,3,0,12,11,2,1,0,1,0,0,4.768,phishing
65,20,20,2,0,0,0,0,4,3,1,0,1,0,0,0,3.447,benign
120,44,25,2,1,0,0,4,12,12,4,0,0,1,0,0,4.619,phishing
33,26,33,1,2,0,1,1,3,2,1,0,1,0,0,0,3.01,benign
155,22,58,4,2,0,3,4,12,8,4,0,0,1,1,0,4.74,phishing
69,18,28,2,1,0,2,1,4,2,0,0,1,0,0,0,3.749,benign
136,49,43,4,4,0,3,2,4,8,2,0,0,1,1,0,4.917,phishing
46,17,4,2,2,0,1,1,7,2,0,0,1,0,0,0,3.263,benign
131,48,63,6,5,1,3,4,3,13,1,0,0,1,0,0,4.725,phishing
54,28,25,2,1,0,0,0,2,2,0,0,1,0,0,0,3.258,benign
105,47,76,3,3,1,3,0,7,15,1,0,1,1,0,0,4.411,phishing
31,24,30,2,1,0,0,3,7,5,1,0,1,0,0,0,3.944,benign
137,24,33,7,2,0,1,2,11,15,4,0,0,1,0,0,4.364,phishing
19,27,12,2,2,0,1,3,2,5,0,0,1,0,0,0,2.673,benign
166,52,35,4,3,0,0,2,10,18,3,0,0,1,0,0,5.191,phishing
57,13,19,3,2,0,0,1,4,0,0,0,1,0,0,0,3.211,benign
72,54,61,5,2,0,1,4,5,17,3,0,0,1,0,0,4.218,phishing
18,23,8,1,1,0,2,3,5,5,1,0,1,0,0,0,2.552,benign
152,32,49,2,3,0,2,1,10,17,1,0,0,1,0,1,4.584,phishing
66,9,28,3,0,0,1,0,7,5,0,0,1,1,0,0,3.888,benign
111,73,27,8,2,0,2,5,12,15,2,0,1,1,1,0,4.64,phishing
52,16,34,1,1,0,2,2,4,4,1,0,1,0,0,0,2.731,benign
151,68,64,2,3,1,1,5,5,9,2,1,1,1,0,0,4.479,phishing
54,28,17,3,1,0,1,3,2,5,0,0,1,0,0,0,3.273,benign
117,38,12,8,6,0,3,5,8,4,4,0,0,1,0,0,5.157,phishing
39,25,8,3,1,0,1,0,2,0,1,0,0,1,0,0,4.186,benign
109,30,28,7,3,0,2,0,8,10,1,0,1,1,0,0,4.111,phishing
62,15,27,3,0,0,2,0,2,1,1,0,0,0,0,0,2.514,benign
98,70,27,8,4,0,3,0,6,14,1,1,0,1,0,0,3.774,phishing
67,12,9,1,2,0,2,0,6,5,0,0,1,0,0,0,3.2,benign
142,46,39,2,1,0,0,4,9,13,4,0,0,1,0,0,4.607,phishing
56,27,18,3,0,0,2,2,3,4,0,0,1,0,0,0,4.123,benign
118,42,26,3,4,0,0,4,3,13,3,0,1,1,0,0,4.866,phishing
66,23,4,1,2,0,0,0,4,1,0,0,1,1,0,0,3.711,benign
153,44,66,7,4,0,1,2,4,11,1,0,0,1,1,0,4.281,phishing
58,28,4,2,2,0,1,1,2,1,0,0,1,0,0,0,3.632,benign
139,65,34,2,1,0,0,1,10,13,3,0,0,1,0,0,5.273,phishing
67,8,21,2,1,0,2,0,4,5,0,0,1,0,0,0,2.784,benign
75,34,25,6,6,0,1,5,11,2,1,1,0,1,0,0,5.34,phishing
29,9,35,3,2,0,2,3,3,2,0,0,1,0,0,0,3.134,benign
119,61,18,3,2,0,0,3,4,16,3,1,0,1,0,0,4.238,phishing
36,26,19,3,2,0,0,3,4,4,1,0,1,0,0,0,3.853,benign
74,18,64,2,2,0,0,2,3,14,3,0,0,1,0,0,3.62,phishing
27,30,17,1,0,0,0,3,7,2,1,0,1,0,0,0,3.894,benign
64,55,19,5,6,1,1,2,7,12,4,1,1,1,0,0,3.649,phishing
30,12,6,1,0,0,0,3,5,2,1,0,1,0,0,0,3.288,benign
164,25,23,3,6,0,0,1,8,6,1,1,1,1,0,0,4.098,phishing
70,13,1,2,1,0,2,1,2,3,0,0,1,0,0,0,4.17,benign
71,30,63,4,6,0,0,4,12,10,1,0,0,1,1,0,3.758,phishing
75,18,7,1,1,0,0,1,6,3,1,0,1,0,0,0,4.044,benign
90,35,69,3,1,0,1,5,7,17,4,1,0,1,0,0,4.338,phishing
59,24,15,3,2,0,0,3,7,2,1,0,1,0,0,0,3.16,benign
78,19,52,6,2,0,2,0,10,18,3,1,1,1,1,0,4.814,phishing
35,25,3,1,2,0,1,2,3,1,0,0,1,0,0,0,2.548,benign
144,40,30,6,2,0,3,4,7,7,4,0,0,1,0,0,4.456,phishing
39,27,12,1,1,0,2,1,4,0,0,0,1,0,0,0,3.395,benign
101,22,59,7,6,0,0,2,7,12,2,1,1,1,0,0,4.474,phishing
38,13,35,3,2,0,1,1,7,4,0,0,1,0,0,0,2.503,benign
144,54,62,8,5,0,2,4,6,5,4,0,1,1,0,1,3.836,phishing
74,10,21,2,0,0,1,1,3,5,0,0,1,0,0,0,3.245,benign
108,28,64,5,4,0,3,0,10,9,2,0,1,1,0,0,4.022,phishing
24,10,21,1,1,0,0,0,6,0,1,0,1,0,0,0,4.102,benign
76,56,67,3,1,0,1,1,9,10,3,0,0,1,0,0,4.482,phishing
21,19,0,2,0,0,1,3,3,0,0,0,1,0,1,0,2.696,benign
155,43,72,5,6,0,3,1,8,14,3,0,0,1,0,0,5.174,phishing
54,9,9,3,2,0,0,0,7,2,1,0,1,0,0,0,3.891,benign
108,52,72,6,2,0,0,3,3,18,2,0,1,1,0,1,5.444,phishing
69,14,8,1,1,0,0,3,3,5,0,0,1,0,0,0,2.614,benign
104,53,62,6,3,1,3,0,12,18,4,0,0,1,0,0,5.43,phishing
24,11,6,2,2,0,1,3,4,3,1,0,1,0,0,0,3.551,benign
142,62,63,2,4,1,2,5,6,3,4,1,1,1,0,0,4.106,phishing
35,23,6,1,0,0,1,3,4,2,1,0,1,0,0,0,3.192,benign
117,66,78,8,3,0,1,0,7,18,4,0,1,1,1,0,3.886,phishing
71,14,3,1,0,0,1,0,4,5,0,0,1,0,0,0,2.711,benign
58,33,59,5,5,0,3,4,11,13,3,0,1,1,0,0,4.07,phishing
42,9,10,3,0,0,0,1,7,1,1,0,1,0,0,0,3.66,benign
115,26,34,6,1,0,2,5,7,15,4,1,0,1,0,0,4.541,phishing
57,20,6,1,2,0,2,2,6,5,1,0,1,0,0,1,3.589,benign
165,35,45,7,6,1,2,1,5,18,2,1,1,1,1,0,4.821,phishing
61,12,1,3,1,0,1,2,5,3,1,0,1,0,1,0,3.083,benign
146,32,80,7,4,1,2,4,7,7,2,0,0,1,0,0,4.618,phishing
29,29,21,3,0,0,0,2,3,5,1,0,1,0,0,0,3.288,benign
70,48,18,8,6,0,0,3,6,18,1,1,0,1,0,0,5.208,phishing
26,14,21,2,2,0,1,1,4,5,0,0,1,0,0,0,3.579,benign
55,46,47,3,2,0,1,3,4,6,4,0,0,1,1,0,3.575,phishing
30,19,0,2,2,0,0,0,7,0,0,0,1,0,0,0,3.356,benign
94,28,20,8,1,0,2,3,11,18,3,0,1,1,0,1,4.48,phishing
66,14,10,2,0,0,0,1,7,1,0,0,1,0,0,0,3.606,benign
59,42,44,8,5,0,0,5,4,2,1,0,0,1,0,0,4.449,phishing
27,14,0,2,1,0,2,0,7,4,1,0,1,0,0,0,3.37,benign
134,25,48,2,1,0,1,2,11,8,3,1,0,1,0,0,3.915,phishing
48,18,15,1,0,0,2,0,2,4,1,0,1,0,0,0,2.672,benign
87,59,41,5,3,0,0,0,5,3,3,0,1,1,0,0,5.202,phishing
74,9,0,1,2,0,2,1,4,2,1,0,1,0,0,0,3.083,benign
69,43,63,5,3,0,3,3,5,5,2,0,0,1,1,0,4.332,phishing
55,23,28,1,2,0,1,2,6,0,0,0,1,0,0,0,2.608,benign
138,38,13,7,6,0,1,5,8,18,1,0,1,1,0,0,4.783,phishing
27,25,3,1,2,0,0,3,5,1,0,0,1,0,0,0,3.362,benign
125,59,60,5,2,0,3,4,10,4,4,0,0,1,0,0,3.705,phishing
44,9,35,3,0,0,0,2,6,4,0,0,1,0,0,0,3.888,benign
163,47,54,6,5,0,2,5,10,5,1,1,0,1,0,0,5.429,phishing
36,25,33,2,2,0,0,0,3,3,0,0,1,0,0,0,2.833,benign
70,72,62,3,4,0,1,5,8,5,4,0,0,1,0,0,5.284,phishing
47,29,32,1,1,0,0,0,6,3,1,0,1,0,0,0,2.795,benign
159,26,25,5,6,0,2,4,9,15,2,0,1,1,1,0,3.767,phishing
44,27,32,2,2,0,2,2,7,5,0,0,1,0,0,0,3.643,benign
180,63,34,6,5,0,2,5,4,13,4,0,1,1,0,0,5.288,phishing
52,17,27,1,2,0,0,0,5,1,0,0,1,0,0,0,2.987,benign
87,27,19,7,3,0,0,2,10,5,2,1,0,1,0,0,5.098,phishing
36,30,3,2,1,0,1,2,6,0,0,0,1,0,0,0,3.253,benign
83,58,59,8,5,0,1,5,6,11,4,0,1,1,0,0,4.528,phishing
42,9,27,2,2,0,1,1,3,4,1,0,0,0,0,0,4.079,benign
131,21,50,5,5,0,0,5,8,18,2,1,0,1,0,0,4.586,phishing
43,10,22,1,0,0,2,2,4,2,1,0,1,0,0,1,3.9,benign
180,59,13,2,6,0,1,5,12,9,1,0,0,1,1,1,4.272,phishing
52,17,1,3,1,0,2,3,5,0,1,0,1,0,0,0,2.785,benign
177,67,80,6,1,0,1,5,6,15,1,0,1,1,1,0,4.37,phishing
70,10,9,1,1,0,2,2,2,0,0,0,0,0,0,0,2.887,benign
88,44,61,5,6,0,2,0,9,5,1,0,0,1,0,0,4.902,phishing
22,19,32,1,1,0,2,2,6,0,1,0,1,0,0,0,3.306,benign
123,32,29,7,4,0,2,5,5,11,3,1,0,1,1,0,3.584,phishing
54,27,25,3,2,0,0,2,3,5,1,0,1,0,0,0,2.813,benign
133,71,44,3,1,0,0,4,10,4,3,0,0,1,0,0,5.403,phishing
40,12,15,1,1,0,2,0,3,2,1,0,1,0,0,0,3.461,benign
101,69,52,5,2,0,1,1,9,10,3,0,1,1,1,0,4.217,phishing
37,23,35,1,0,0,2,0,4,1,0,0,1,0,0,0,2.532,benign
119,58,15,8,5,0,1,0,11,10,4,0,0,1,0,0,4.679,phishing
72,17,8,2,2,0,2,0,5,2,0,0,1,0,0,0,2.782,benign
120,26,69,3,2,0,1,5,10,13,1,0,0,1,0,0,3.586,phishing
31,24,23,2,1,0,1,0,2,5,1,0,1,1,0,0,3.761,benign
129,52,34,5,6,0,0,4,7,14,2,0,0,1,1,0,4.464,phishing
56,8,32,1,1,0,0,1,2,4,1,0,1,0,0,0,2.701,benign
84,44,54,7,1,0,3,3,6,7,4,0,0,1,0,0,4.759,phishing
20,26,9,1,0,0,1,1,6,3,0,0,1,0,0,0,2.868,benign
132,48,73,3,2,0,1,4,5,18,3,0,1,1,1,0,3.638,phishing
42,20,8,1,0,0,0,3,3,4,0,0,1,0,0,0,3.403,benign
151,25,23,5,6,0,0,5,9,18,4,0,0,1,0,0,5.105,phishing
68,20,22,3,2,0,2,0,5,1,1,0,1,0,0,0,3.991,benign
107,34,36,2,6,0,0,4,11,5,1,0,0,1,1,0,3.713,phishing
45,28,16,2,2,0,1,2,6,2,1,0,1,0,0,0,3.129,benign
126,48,44,4,5,0,3,5,5,5,2,0,1,1,0,0,4.301,phishing
39,25,3,1,1,0,2,0,2,1,1,0,1,0,0,0,2.636,benign
59,64,61,5,5,0,2,5,12,3,2,0,0,1,0,0,5.108,phishing
36,14,2,3,2,0,2,1,6,1,0,0,1,0,1,0,2.969,benign
106,40,62,5,5,0,0,5,4,4,3,1,0,1,0,0,5.131,phishing
32,27,12,2,1,0,2,0,4,1,1,0,1,0,0,0,2.699,benign
120,34,80,8,5,0,3,3,12,17,2,1,1,1,0,0,4.674,phishing
19,23,7,2,0,0,1,1,7,5,0,0,1,0,0,0,3.691,benign
88,33,48,2,4,0,2,0,11,7,4,0,0,1,0,0,4.992,phishing
30,23,12,1,2,0,0,2,3,1,0,0,1,0,0,0,2.704,benign
65,61,75,6,1,0,0,3,8,12,4,1,1,1,0,0,3.866,phishing
66,24,17,2,0,0,2,1,2,4,1,0,1,0,0,0,3.667,benign
77,47,27,7,5,0,0,0,6,14,1,0,0,1,0,0,3.974,phishing
48,27,21,2,0,0,1,3,3,3,1,0,1,0,0,0,4.165,benign
142,32,24,7,3,0,3,3,6,6,2,0,0,1,0,0,5.287,phishing
58,24,34,3,1,0,1,2,4,4,0,0,1,0,0,0,3.31,benign
135,24,69,7,3,0,2,4,11,10,3,0,0,1,1,1,3.898,phishing
54,28,34,1,1,0,1,2,7,4,1,0,1,0,0,0,3.288,benign
177,27,33,7,3,0,3,0,4,7,3,0,0,1,0,0,4.789,phishing
35,22,23,3,2,0,2,3,5,1,0,0,1,0,0,0,3.765,benign
150,23,38,3,4,0,0,3,11,3,1,1,0,1,1,0,4.736,phishing
23,28,24,2,0,0,0,2,5,5,0,0,1,0,0,0,3.963,benign
96,73,72,5,5,1,3,1,11,7,4,0,0,1,0,0,4.779,phishing
37,19,30,3,0,0,0,3,4,2,1,0,1,0,0,0,3.942,benign
99,36,72,6,1,0,3,3,7,2,4,1,0,1,0,0,3.877,phishing
74,25,27,2,0,0,0,3,5,1,1,0,0,0,0,0,3.542,benign
143,61,46,4,6,0,2,3,6,4,2,0,0,1,0,0,4.901,phishing
49,14,20,1,0,0,0,0,3,0,1,0,1,0,0,0,2.756,benign
118,31,55,5,3,0,3,2,10,3,3,0,1,1,0,0,4.285,phishing
52,23,11,1,1,0,1,0,2,5,0,0,1,1,0,1,2.839,benign
149,67,24,6,6,1,3,3,7,12,2,0,0,1,1,0,4.007,phishing
58,17,12,2,0,0,2,1,2,1,1,0,1,0,0,0,3.842,benign
56,20,72,7,5,0,0,1,5,17,1,0,0,1,1,0,3.62,phishing
40,28,9,3,2,0,0,1,5,1,1,0,1,0,0,0,3.246,benign
79,19,60,4,6,0,0,3,10,11,4,0,0,1,0,0,4.051,phishing
71,27,35,1,0,0,2,1,5,2,1,0,1,0,0,0,3.747,benign
168,19,58,8,5,0,0,5,11,14,2,0,0,1,0,0,4.145,phishing
59,18,7,1,2,0,2,0,2,1,0,0,1,0,0,0,3.471,benign
162,42,74,6,5,0,2,0,8,9,1,0,1,1,0,1,5.164,phishing
47,28,3,2,2,0,2,3,4,5,0,0,1,0,0,0,3.017,benign
175,31,78,2,1,0,3,1,6,18,2,0,1,1,0,0,4.992,phishing
67,28,22,3,1,0,2,3,2,1,0,0,1,0,0,0,3.52,benign
174,40,52,6,3,0,3,5,9,12,2,0,0,1,0,1,4.008,phishing
46,22,25,1,2,0,0,2,6,0,0,0,1,0,0,0,3.955,benign
57,67,47,6,5,0,1,0,3,16,3,0,0,1,1,0,4.012,phishing
37,10,25,3,0,0,2,0,7,2,1,0,1,0,0,0,4.043,benign
131,59,50,2,6,0,3,0,3,12,3,1,0,1,1,0,5.041,phishing
65,28,0,3,2,0,1,0,4,4,0,0,1,0,0,0,2.76,benign
141,64,62,5,5,0,0,1,9,11,4,0,0,1,0,0,4.596,phishing
34,10,25,3,1,0,2,1,3,3,0,0,1,0,0,0,3.751,benign
86,33,21,4,4,0,0,0,9,15,3,0,0,1,0,0,4.11,phishing
40,27,28,3,0,0,1,0,3,1,1,0,1,0,0,0,2.913,benign
134,27,48,2,3,0,0,2,10,17,1,0,1,1,0,0,5.001,phishing
53,23,9,3,2,0,2,0,5,4,0,0,1,0,0,0,2.961,benign
114,59,13,2,4,0,2,0,3,11,4,0,0,1,1,0,4.131,phishing
73,27,34,1,0,0,0,3,6,5,0,0,0,1,0,0,3.765,benign
57,40,57,4,6,0,2,0,7,14,1,1,1,1,0,0,4.286,phishing
26,10,24,3,2,0,2,1,5,1,0,0,1,0,0,0,2.724,benign
138,26,37,8,2,0,1,3,5,7,3,0,0,1,0,0,5.179,phishing
27,8,20,2,1,0,1,3,7,5,1,0,1,0,0,0,4.176,benign
133,35,41,6,2,0,0,2,4,17,2,0,0,1,0,0,5.204,phishing
49,23,8,1,0,0,0,0,5,0,1,0,1,0,0,0,2.848,benign
77,46,74,7,3,1,1,3,9,3,4,1,0,1,1,0,4.572,phishing
59,30,2,3,0,0,1,3,2,1,1,0,1,0,0,0,4.136,benign
79,36,68,5,3,0,2,3,5,15,3,0,0,1,0,0,5.16,phishing
46,10,32,1,0,0,2,1,5,3,1,0,1,0,0,0,2.843,benign
113,23,44,4,6,0,1,5,4,4,1,1,0,1,0,0,4.954,phishing
50,27,10,2,2,0,1,0,3,2,0,0,1,0,0,0,3.024,benign
148,67,69,4,6,0,1,1,3,10,1,0,1,1,0,0,5.265,phishing
33,14,30,2,1,0,1,0,6,4,0,0,1,0,0,0,3.903,benign
61,29,30,2,6,0,1,0,12,11,3,1,0,1,0,0,4.844,phishing
57,29,35,1,1,0,2,2,2,0,1,0,1,0,0,0,3.934,benign
63,36,72,3,1,0,2,2,11,15,2,0,0,1,0,0,4.758,phishing
23,23,18,2,2,0,1,2,6,4,1,0,1,0,0,0,3.346,benign
158,29,41,7,3,1,0,0,3,16,1,1,0,1,0,0,3.591,phishing
40,25,13,1,2,0,0,2,4,0,1,0,1,0,0,0,3.067,benign
105,64,15,8,2,0,2,5,10,17,1,0,0,1,0,0,4.574,phishing
39,22,26,3,0,0,2,2,6,5,1,0,1,0,0,0,4.058,benign
156,40,20,3,3,0,2,3,11,7,4,0,0,1,0,0,5.216,phishing
63,9,17,2,0,0,1,1,4,3,1,0,1,0,0,0,3.822,benign
171,23,68,6,1,0,1,1,8,17,3,1,0,1,1,0,5.376,phishing
61,12,13,3,0,0,1,3,7,4,0,0,0,1,0,0,2.648,benign
114,74,17,2,5,0,2,0,12,11,2,0,0,1,0,0,4.382,phishing
25,16,9,1,1,0,0,0,6,4,0,0,1,0,0,0,3.697,benign
91,54,43,3,1,0,2,4,10,3,2,0,1,1,0,0,3.672,phishing
43,13,28,3,1,0,1,2,3,5,0,0,1,0,0,0,3.882,benign
172,62,71,2,4,0,3,3,6,9,2,1,0,1,1,0,4.899,phishing
60,18,20,2,1,0,0,0,5,0,1,0,1,0,0,0,3.477,benign
120,24,63,8,6,0,2,4,4,11,4,0,0,1,0,0,5.448,phishing
42,10,21,1,2,0,2,3,5,4,1,0,1,0,0,0,4.082,benign
128,71,74,2,5,0,2,4,4,16,2,0,0,1,0,0,4.693,phishing
70,20,20,2,2,0,2,0,2,1,0,0,1,0,0,0,2.749,benign
74,46,80,4,4,0,3,1,6,12,3,0,1,1,0,1,4.369,phishing
40,10,0,3,2,0,1,1,4,0,1,0,1,1,0,0,4.164,benign
69,73,48,8,1,0,3,5,8,14,4,0,0,1,0,0,3.876,phishing
42,19,26,1,1,0,2,1,3,0,0,0,1,0,0,0,4.157,benign
72,23,29,7,4,1,3,4,5,16,4,0,0,1,0,0,4.709,phishing
54,23,15,3,2,0,1,3,6,4,1,0,0,0,0,0,3.486,benign
178,62,22,3,6,0,2,3,11,4,1,0,0,1,0,0,4.868,phishing
52,26,19,3,0,0,1,0,5,3,1,0,1,0,0,0,3.001,benign
76,20,50,7,5,0,3,4,5,3,3,1,0,1,0,0,4.511,phishing
72,16,16,1,2,0,1,2,4,0,0,0,1,0,0,0,3.129,benign
77,34,42,5,2,0,0,2,4,6,2,1,1,1,0,0,4.821,phishing
64,28,10,1,2,0,2,2,2,5,1,0,1,0,0,0,3.012,benign
150,66,80,3,4,0,3,3,7,6,4,0,1,1,0,0,5.424,phishing
61,9,6,3,2,0,1,3,6,5,1,0,1,0,0,0,3.165,benign
153,61,42,7,6,0,1,4,8,7,3,0,1,1,1,0,3.695,phishing
24,29,28,2,0,0,2,2,4,1,0,0,0,0,0,0,3.92,benign
176,56,27,7,1,0,1,3,12,7,1,0,0,1,0,1,4.778,phishing
35,21,20,2,0,0,0,2,2,3,1,0,1,0,0,0,3.249,benign
117,30,62,3,6,0,1,4,9,8,1,1,1,1,0,0,4.643,phishing
34,22,1,2,0,0,2,0,2,5,1,0,1,0,0,0,3.376,benign
175,67,74,5,4,0,0,4,6,2,4,1,1,1,0,0,5.37,phishing
40,18,19,2,0,0,2,0,4,4,1,0,1,0,0,0,2.8,benign
60,42,36,4,6,0,0,5,8,17,1,1,0,1,0,0,3.551,phishing
55,15,31,2,0,0,2,2,5,4,1,0,1,0,0,0,3.726,benign
106,25,39,8,6,0,3,5,11,6,2,1,0,1,0,0,4.442,phishing
57,9,15,3,2,0,0,0,3,5,0,0,1,0,0,0,3.92,benign
63,70,25,2,4,0,1,0,6,15,3,1,1,1,0,0,5.452,phishing
54,25,8,2,0,0,0,1,4,0,0,0,1,0,0,0,2.781,benign
86,55,17,3,1,0,3,1,3,17,1,0,0,1,0,0,5.274,phishing
44,30,30,3,0,0,0,1,7,2,1,0,1,1,0,0,2.806,benign
118,57,23,7,3,0,0,4,6,8,1,1,1,1,0,0,5.474,phishing
50,15,29,3,2,0,0,2,2,1,0,0,1,0,1,0,2.8,benign
140,20,18,7,3,0,3,2,8,16,1,0,0,1,0,0,3.558,phishing
50,11,4,1,2,0,1,2,5,1,1,0,1,0,0,0,3.201,benign
80,42,40,2,4,0,0,3,5,8,4,0,0,1,0,0,4.217,phishing
35,14,21,1,0,0,2,0,4,1,0,0,1,0,0,0,4.007,benign
132,28,33,6,5,1,0,3,11,17,2,0,1,1,0,0,4.972,phishing
33,15,20,2,2,0,0,1,6,0,1,0,1,0,0,0,2.557,benign
122,43,73,8,6,0,3,3,6,4,1,0,0,1,0,0,3.978,phishing
23,8,30,3,1,0,0,3,6,5,0,0,1,0,0,0,2.814,benign
166,41,71,7,6,0,0,3,8,18,1,0,1,1,0,0,4.65,phishing
31,29,5,3,1,0,2,0,6,5,1,0,1,0,0,0,3.121,benign
77,59,20,6,6,0,1,2,6,5,4,1,1,1,1,0,5.006,phishing
66,15,20,2,1,0,2,3,4,0,0,0,1,0,0,0,3.299,benign
123,61,80,4,4,0,0,1,10,4,1,0,0,1,1,0,3.83,phishing
25,30,9,2,0,0,0,0,4,3,0,0,1,0,0,0,2.821,benign
57,73,41,8,5,0,3,4,8,12,4,0,1,1,1,0,4.108,phishing
26,17,10,2,0,0,1,2,4,0,0,0,1,0,0,0,3.71,benign
91,29,34,8,6,0,1,1,6,5,1,1,0,1,0,0,3.91,phishing
63,9,20,2,0,0,1,3,6,1,1,0,1,0,0,0,4.111,benign
173,38,31,2,6,0,2,5,7,17,3,1,1,1,1,0,5.099,phishing
64,22,21,3,0,0,2,3,2,1,0,0,1,0,0,0,2.657,benign
62,56,36,6,5,0,2,1,3,4,4,0,1,1,1,0,4.481,phishing
56,27,32,1,2,0,1,3,3,5,1,0,1,0,0,0,4.162,benign
166,53,23,3,6,1,3,3,7,7,4,1,0,1,1,0,3.787,phishing
37,23,33,2,0,0,2,3,2,0,1,0,1,0,0,0,3.465,benign
172,26,37,3,4,0,3,0,7,11,4,0,0,1,0,0,4.025,phishing
58,28,30,1,2,0,2,2,5,1,1,0,1,0,0,0,3.338,benign
179,22,58,6,4,0,2,5,10,5,3,0,0,1,1,0,3.617,phishing
38,22,8,2,0,0,0,2,4,3,1,0,0,0,0,0,2.829,benign
135,29,24,6,2,0,2,5,7,10,3,0,0,1,1,0,4.536,phishing
41,23,26,2,0,0,0,1,3,4,0,0,1,0,0,0,4.119,benign
163,52,26,5,4,1,0,1,3,17,3,0,0,1,1,0,4.695,phishing
66,18,11,3,1,0,0,0,3,1,0,0,1,0,0,1,3.222,benign
152,68,26,2,1,0,3,0,6,5,1,1,0,1,0,0,4.006,phishing
22,17,0,1,0,0,2,1,6,1,0,0,1,0,0,0,2.972,benign
129,40,57,3,5,0,1,4,12,4,1,1,1,1,0,0,5.429,phishing
28,25,0,3,0,0,0,3,4,5,0,0,1,1,0,0,3.145,benign
82,50,41,5,1,0,2,0,10,5,2,0,0,1,0,0,3.664,phishing
49,11,24,2,1,0,2,2,7,3,0,0,1,0,0,0,2.618,benign
162,69,72,7,3,0,3,5,4,14,4,0,1,1,0,0,4.89,phishing
24,13,4,2,0,0,1,1,6,3,0,0,1,0,0,0,3.802,benign
130,35,63,4,4,0,3,3,11,10,2,1,0,1,0,0,4.757,phishing
26,8,6,3,0,0,0,3,7,0,0,0,1,0,0,0,2.664,benign
64,60,78,8,4,0,1,2,10,17,3,0,1,1,0,0,5.028,phishing
45,11,24,2,1,0,1,3,5,0,0,0,1,0,0,0,2.779,benign
110,26,51,7,4,0,0,4,10,17,4,0,0,1,0,0,4.682,phishing
42,27,22,2,1,0,0,0,6,0,0,0,1,0,0,0,4.015,benign
98,42,24,5,3,1,3,2,3,9,2,0,0,1,0,0,5.238,phishing
25,18,10,1,2,0,1,0,5,5,1,0,1,0,0,0,3.5,benign
95,42,61,4,5,0,3,0,6,12,4,0,1,1,0,0,4.227,phishing
45,14,31,3,0,0,2,1,4,2,0,0,1,0,0,0,4.128,benign
146,72,24,6,3,0,3,3,6,13,1,0,0,1,1,0,4.58,phishing
30,21,25,2,2,0,2,3,7,4,0,0,1,0,0,0,3.349,benign
139,70,71,4,6,0,3,4,3,18,2,0,0,1,0,0,4.101,phishing
45,21,20,1,2,0,0,3,4,2,0,0,1,0,0,0,2.826,benign
86,69,51,5,4,0,3,3,3,8,2,0,0,1,0,0,4.601,phishing
59,9,31,1,0,0,0,2,6,2,0,0,1,0,0,0,2.654,benign
175,71,29,3,1,0,0,4,12,18,3,0,0,1,0,0,4.127,phishing
71,26,24,3,2,0,0,3,3,1,0,0,1,1,0,0,3.502,benign
117,52,59,7,1,0,3,3,6,10,2,0,1,1,1,0,5.434,phishing
56,9,3,3,2,0,0,2,6,3,1,0,1,0,0,0,3.409,benign
85,72,68,5,1,1,3,2,7,4,2,0,1,1,0,0,4.134,phishing
69,28,26,1,1,0,0,3,5,5,1,0,1,0,0,0,2.671,benign
75,62,45,6,1,0,2,3,3,3,2,0,1,1,0,0,4.757,phishing
38,26,5,1,0,0,0,1,6,5,1,0,1,0,0,0,2.943,benign
142,55,53,8,3,0,3,2,5,14,4,1,1,1,0,1,5.346,phishing
59,27,14,1,1,0,0,2,7,1,0,0,1,0,0,0,3.125,benign
176,54,27,2,6,0,3,5,10,5,2,1,0,1,1,0,4.076,phishing
49,20,8,2,0,0,2,1,4,5,0,0,1,0,0,0,2.945,benign
134,46,43,4,5,0,3,0,3,17,2,1,1,1,0,0,4.267,phishing
45,27,16,1,0,0,2,0,2,2,0,0,1,0,0,0,3.864,benign
145,65,17,2,3,0,3,2,9,13,2,1,0,1,0,0,4.507,phishing
39,22,8,1,1,0,2,3,3,2,0,0,1,1,0,0,2.978,benign
101,45,48,4,5,0,2,4,8,15,2,0,1,1,0,0,5.206,phishing
60,28,28,1,0,0,0,0,3,1,0,0,1,0,0,0,4.022,benign
118,20,68,4,6,0,3,3,4,6,1,0,0,1,0,0,5.0,phishing
70,16,13,3,0,0,2,1,5,0,0,0,1,0,0,0,3.658,benign
142,25,62,4,5,1,0,2,5,2,1,0,1,1,0,0,4.039,phishing
60,8,21,1,2,0,2,3,4,5,0,0,1,0,0,0,2.594,benign
64,53,60,2,4,0,1,3,4,2,2,0,1,1,0,0,4.808,phishing
25,17,31,2,2,0,1,1,4,5,0,0,1,0,0,0,3.31,benign
127,56,66,2,4,0,1,3,9,4,1,0,1,1,0,0,4.927,phishing
49,24,33,1,1,0,1,3,2,3,1,0,1,0,0,0,3.389,benign
92,54,18,6,1,1,0,4,9,15,1,0,1,1,1,0,4.671,phishing
67,24,1,1,2,0,2,3,3,1,1,0,0,0,0,0,3.731,benign
151,60,69,6,3,0,1,1,5,4,3,1,0,1,0,0,3.733,phishing
28,28,30,2,2,0,1,3,4,4,1,0,1,1,0,0,2.649,benign
72,18,36,2,1,0,1,0,6,17,2,0,0,1,0,0,3.882,phishing
37,22,9,2,1,0,0,0,3,1,1,0,1,0,0,0,2.842,benign
127,71,62,2,3,0,3,3,10,11,1,0,0,1,0,0,4.857,phishing
70,23,14,3,0,0,2,0,5,4,1,0,1,0,0,0,2.699,benign
134,59,56,5,6,0,1,2,6,17,3,0,0,1,0,0,5.343,phishing
72,30,29,1,1,0,2,3,5,5,1,0,1,0,0,0,2.98,benign
150,23,73,3,2,0,3,0,9,17,3,0,0,1,1,0,4.022,phishing
61,13,11,3,0,0,0,2,5,0,0,0,1,0,0,0,3.104,benign
60,67,46,3,6,1,0,5,3,16,4,1,1,1,1,0,4.719,phishing
72,11,35,1,2,0,0,1,7,0,0,0,1,0,0,0,3.36,benign
148,73,24,3,6,0,1,0,6,16,4,1,0,1,1,0,4.074,phishing
28,10,17,2,2,0,1,2,7,5,0,0,1,0,0,0,3.863,benign
107,44,70,8,5,0,2,0,10,6,1,1,0,1,0,0,4.303,phishing
67,13,27,1,1,0,0,1,6,0,1,0,1,0,0,0,3.727,benign
95,40,13,8,3,1,1,5,9,16,2,1,0,1,0,0,4.191,phishing
69,28,25,1,1,0,0,0,6,2,1,0,1,0,0,1,2.983,benign
66,50,51,6,3,0,1,0,3,10,2,1,0,1,0,0,4.964,phishing
71,19,16,3,2,0,1,0,2,5,0,0,1,0,0,0,2.901,benign
150,55,80,8,5,0,2,2,12,6,4,0,0,1,0,0,5.146,phishing
41,22,6,1,2,0,1,3,2,0,0,0,1,0,0,0,3.651,benign
106,55,78,8,4,1,3,5,9,16,4,1,0,1,0,0,4.47,phishing
47,12,32,3,0,0,2,1,5,3,0,0,1,1,0,0,3.523,benign
107,25,27,4,5,0,1,0,8,11,3,0,0,1,0,0,4.679,phishing
21,17,18,1,0,0,2,3,2,0,1,0,0,0,0,0,3.269,benign
98,68,60,5,6,0,1,1,11,16,4,0,0,1,0,0,4.75,phishing
57,21,24,1,1,0,1,0,7,3,1,0,1,0,0,0,3.853,benign
145,37,27,7,5,0,0,4,11,8,4,0,0,1,0,0,5.425,phishing
35,14,15,3,2,0,1,0,6,4,1,0,1,0,0,0,3.243,benign
108,19,79,4,4,0,0,0,11,7,3,0,0,1,0,0,4.315,phishing
28,9,20,1,0,0,2,0,4,3,0,0,1,0,0,0,3.907,benign
70,21,37,3,5,0,3,4,11,14,1,0,0,1,0,0,3.558,phishing
58,15,1,2,2,0,2,0,3,4,0,0,1,0,0,0,2.846,benign
178,27,59,6,2,0,3,4,10,3,1,1,1,1,0,0,3.835,phishing
21,23,17,3,1,0,2,3,4,5,0,0,1,0,0,0,3.457,benign
93,23,62,7,1,0,2,3,6,18,3,1,1,1,0,1,4.916,phishing
35,15,20,2,0,0,1,2,2,5,0,0,1,0,0,0,3.644,benign
107,53,74,8,4,0,0,4,3,16,1,0,1,1,1,0,3.854,phishing
67,30,0,1,1,0,1,1,5,0,0,0,1,0,0,0,2.826,benign
159,57,50,8,6,0,3,2,3,10,4,1,1,1,0,0,5.142,phishing
43,11,17,3,2,0,1,1,6,1,0,0,0,0,0,0,3.469,benign
84,74,78,7,3,0,0,5,11,10,4,0,0,1,0,0,5.208,phishing
38,21,26,2,0,0,2,3,5,2,0,0,1,0,0,0,3.263,benign
55,43,36,4,1,1,0,5,6,15,1,1,0,1,0,0,4.751,phishing
19,23,27,1,2,0,2,2,4,1,0,0,1,1,0,0,3.383,benign
85,22,68,8,1,0,0,0,3,3,4,0,1,1,0,0,5.338,phishing
46,9,19,3,2,0,1,0,2,5,0,0,1,0,0,0,3.778,benign
84,73,13,5,4,0,3,4,12,5,3,0,1,1,0,0,4.676,phishing
24,11,0,3,2,0,0,1,6,1,1,0,1,0,0,0,2.734,benign
60,21,28,4,5,0,2,2,12,6,2,0,0,1,0,1,4.535,phishing
60,29,9,1,0,0,2,0,5,2,0,0,1,0,0,0,2.822,benign
115,62,71,6,6,0,2,4,7,15,3,0,0,1,0,0,3.939,phishing
18,28,14,3,0,0,1,1,3,3,1,0,1,0,0,0,2.511,benign
56,22,57,2,5,0,2,3,6,13,1,1,0,1,0,0,4.024,phishing
29,18,35,1,0,0,0,0,3,2,0,0,0,0,0,0,2.689,benign
174,31,51,5,2,0,2,5,5,18,4,1,0,1,0,1,5.09,phishing
30,25,24,3,1,0,1,3,7,1,0,0,1,0,0,0,2.753,benign
86,21,47,8,2,1,3,1,4,17,1,0,0,1,1,0,4.249,phishing
51,22,11,2,2,0,1,3,7,3,1,0,1,0,0,0,2.562,benign
83,75,37,5,2,0,2,3,9,7,3,0,0,1,0,0,4.538,phishing
32,26,2,2,2,0,2,2,5,3,1,0,1,0,0,0,2.542,benign
111,32,45,7,1,0,0,2,11,18,1,1,1,1,0,0,3.577,phishing
30,18,12,3,1,0,1,2,7,5,1,0,1,0,0,0,3.718,benign
124,34,13,8,3,0,2,3,9,2,4,0,1,1,1,0,3.955,phishing
64,14,30,1,2,0,2,3,7,3,1,0,1,0,0,0,3.687,benign
81,46,69,8,5,0,1,4,5,11,1,0,1,1,0,0,4.351,phishing
66,20,34,2,1,0,2,0,6,0,0,0,1,1,0,0,3.525,benign
132,54,62,5,2,1,0,4,9,8,4,0,0,1,0,0,3.686,phishing
24,29,35,1,0,0,2,3,2,1,0,0,0,1,0,0,3.621,benign
63,47,19,4,5,0,2,3,9,7,1,0,0,1,0,0,5.307,phishing
31,12,13,2,1,0,2,3,3,4,1,0,1,0,0,0,2.513,benign
73,46,20,8,4,0,1,4,8,17,4,0,0,1,0,0,5.338,phishing
40,30,19,2,2,0,0,3,3,1,1,0,1,0,0,0,3.169,benign
176,20,42,8,2,0,2,5,4,8,4,0,1,1,0,0,5.011,phishing
50,18,26,2,0,0,1,1,6,0,1,0,0,0,0,0,3.084,benign
106,72,36,5,1,0,0,5,5,12,4,0,0,1,0,0,5.4,phishing
26,23,17,1,0,0,0,0,3,2,0,0,1,0,0,0,3.652,benign
74,46,57,3,2,0,1,3,3,18,1,0,0,1,0,0,5.045,phishing
67,14,15,2,0,0,0,0,2,3,0,0,1,0,0,0,2.875,benign
167,24,33,7,2,0,0,2,8,8,2,1,0,1,0,0,3.712,phishing
38,13,0,2,2,0,1,0,5,1,1,0,1,0,0,0,2.575,benign
168,31,64,4,5,0,0,5,11,7,3,1,0,1,1,0,4.856,phishing
67,30,8,2,0,0,2,2,7,3,0,0,1,0,0,0,3.589,benign
84,50,13,3,1,0,0,2,6,15,2,0,0,1,0,0,3.803,phishing
31,28,2,1,2,0,2,3,7,2,0,0,1,0,0,0,4.162,benign
137,70,48,8,1,0,2,2,6,8,1,1,1,1,0,0,4.939,phishing
56,20,33,2,0,0,1,0,2,3,0,0,1,0,1,0,2.713,benign
77,55,38,3,5,0,3,2,5,8,2,0,0,1,0,0,5.435,phishing
30,16,30,1,1,0,1,3,3,3,1,0,1,0,0,0,4.121,benign
116,19,60,5,1,0,2,4,11,6,2,0,0,1,0,0,4.712,phishing
22,18,8,3,1,0,0,1,3,0,0,0,1,0,0,0,3.207,benign
105,65,59,5,4,0,0,3,3,5,4,1,0,1,0,1,5.043,phishing
66,19,32,3,1,0,2,2,7,0,1,0,1,0,0,0,3.882,benign
135,63,15,7,6,0,2,4,10,6,3,0,0,1,0,0,3.733,phishing
23,28,24,2,2,0,2,0,6,1,1,0,1,0,0,0,3.406,benign
168,42,51,7,4,0,0,0,12,13,2,0,0,1,0,0,3.513,phishing
28,23,0,1,0,0,2,3,6,3,1,0,1,0,0,0,2.837,benign
78,50,26,5,5,0,1,1,3,7,2,0,1,1,0,0,4.749,phishing
73,28,10,1,1,0,0,3,2,2,0,0,1,0,0,0,2.671,benign
62,35,12,7,5,0,0,0,6,18,1,0,0,1,1,0,4.472,phishing
66,18,27,2,1,0,2,2,4,1,1,0,1,0,0,0,3.061,benign
67,18,70,8,6,0,1,0,12,5,3,1,1,1,0,0,4.872,phishing
73,23,32,2,2,0,0,0,7,2,0,0,1,0,1,0,3.652,benign
84,56,74,5,6,0,0,2,9,17,1,1,0,1,0,0,4.54,phishing
54,30,32,1,0,0,1,0,4,5,1,0,1,0,0,0,2.91,benign
82,28,23,2,4,1,0,1,8,14,3,0,0,1,0,0,3.746,phishing
26,25,31,1,2,0,1,1,6,4,0,0,1,0,0,0,3.149,benign
137,68,67,8,2,0,0,2,4,5,1,0,0,1,0,1,4.646,phishing
26,18,24,3,2,0,0,2,2,4,0,0,1,1,0,0,3.655,benign
156,26,78,7,5,0,0,3,3,16,3,0,1,1,1,0,4.412,phishing
56,17,9,3,2,0,2,0,6,2,1,0,1,0,0,0,3.476,benign
135,71,39,5,3,0,3,0,8,6,2,1,1,1,0,0,5.346,phishing
67,13,31,3,1,0,1,1,2,4,1,0,1,0,1,0,3.165,benign
122,64,48,4,6,1,3,0,5,12,1,1,1,1,0,0,3.775,phishing
62,23,18,1,0,0,0,1,7,5,0,0,1,0,0,0,3.959,benign
103,45,33,2,1,0,3,1,3,5,3,0,1,1,0,0,3.568,phishing
33,20,31,2,2,0,2,1,7,5,1,0,1,1,0,0,3.288,benign
159,59,60,4,6,0,2,0,4,5,1,0,0,1,1,0,4.674,phishing
54,23,17,3,2,0,0,1,5,3,1,0,1,0,0,0,3.966,benign
123,29,63,8,6,0,3,0,11,5,2,1,1,1,0,0,3.86,phishing
53,22,20,1,0,0,0,1,7,1,0,0,1,0,0,0,3.36,benign
101,52,33,5,6,0,2,0,11,11,4,0,0,1,0,1,5.494,phishing
56,25,32,1,2,0,0,0,3,0,0,0,1,0,0,0,3.439,benign
130,40,47,3,6,0,0,4,7,10,4,0,0,1,0,1,4.853,phishing
62,12,34,1,0,0,2,2,7,5,0,0,1,0,0,0,2.779,benign
160,27,52,8,4,0,1,0,7,5,1,0,0,1,0,0,5.318,phishing
67,16,9,1,1,0,0,0,5,1,1,0,1,0,0,0,3.988,benign
130,70,74,2,5,0,2,4,7,5,1,0,1,1,0,0,4.983,phishing
68,25,35,3,1,0,1,1,4,0,0,0,1,0,0,0,4.061,benign
136,41,43,7,5,0,3,1,10,13,4,0,0,1,0,1,5.263,phishing
70,15,19,3,0,0,1,3,4,0,0,0,0,0,0,0,2.644,benign
91,53,75,8,1,1,3,5,11,6,4,0,1,1,0,0,3.749,phishing
18,27,12,3,0,0,2,3,7,4,1,0,1,0,0,0,3.997,benign
122,61,17,6,4,1,1,1,4,13,2,0,1,1,0,0,4.247,phishing
25,18,15,3,0,0,1,2,5,2,1,0,1,0,0,0,3.018,benign
174,59,77,8,1,1,3,0,8,2,4,0,0,1,0,0,3.872,phishing
40,8,6,2,1,0,0,0,6,4,0,0,1,0,0,0,2.925,benign
115,43,59,4,3,0,1,4,7,5,4,0,0,1,0,0,3.512,phishing
74,30,12,1,0,0,1,0,3,3,1,0,1,0,0,0,3.315,benign
140,35,27,5,4,0,1,2,9,18,4,0,1,1,0,0,4.188,phishing
18,29,15,1,2,0,1,3,6,5,0,0,1,0,0,0,2.921,benign
74,64,77,3,2,0,0,2,6,15,2,0,1,1,0,0,4.722,phishing
30,26,9,1,0,0,0,3,2,2,0,0,1,0,0,0,2.587,benign
107,51,51,7,6,1,1,2,9,17,1,0,0,1,0,0,4.061,phishing
40,30,26,1,1,0,0,1,2,0,0,0,1,0,0,0,3.531,benign
110,29,44,5,3,0,0,0,3,6,3,0,1,1,0,0,4.709,phishing
33,28,17,1,2,0,1,0,2,1,0,0,0,1,0,0,2.828,benign
112,24,21,6,5,0,3,1,11,6,1,0,0,1,0,0,5.019,phishing
72,25,22,2,1,0,2,0,5,0,1,0,1,1,0,0,3.519,benign
144,26,49,2,5,0,1,5,9,17,1,0,1,1,0,0,4.302,phishing
35,14,11,1,0,0,2,1,6,5,0,0,1,0,0,0,3.393,benign
93,72,40,4,6,0,0,1,6,3,2,0,0,1,1,0,3.766,phishing
73,9,15,1,2,0,0,0,7,2,1,0,1,1,0,0,2.727,benign
169,57,49,4,1,0,0,2,6,10,2,0,0,1,0,0,5.378,phishing
55,11,24,3,1,0,2,1,5,1,1,0,1,0,0,0,2.765,benign
84,64,67,4,2,1,0,3,5,16,2,1,0,1,0,1,3.861,phishing
36,8,19,1,0,0,1,1,2,1,0,0,1,0,0,0,3.731,benign
72,64,13,6,1,0,0,0,3,3,2,0,0,1,0,0,3.527,phishing
18,11,34,3,1,0,2,0,3,1,1,0,1,0,0,0,3.314,benign
86,21,46,7,5,0,0,0,11,11,1,0,1,1,0,1,3.548,phishing
45,20,9,2,2,0,1,1,7,3,0,0,1,1,0,0,2.979,benign
64,57,54,2,3,1,0,0,12,6,2,0,0,1,0,0,5.286,phishing
61,17,18,2,0,0,1,3,7,2,1,0,1,0,0,0,4.086,benign
74,67,30,4,2,0,3,0,4,15,3,0,0,1,0,0,4.205,phishing
49,21,30,3,1,0,2,2,3,5,0,0,1,0,0,0,3.412,benign
84,42,22,6,6,0,1,5,4,9,3,0,1,1,0,0,5.415,phishing
25,9,22,2,0,0,1,3,3,4,1,0,1,0,0,0,4.135,benign
145,27,60,7,1,0,3,2,3,5,1,0,0,1,0,0,3.783,phishing
33,10,0,3,1,0,0,1,5,5,0,0,1,0,0,0,3.073,benign
155,59,13,4,1,0,0,4,5,18,2,0,1,1,0,0,4.608,phishing
71,16,32,2,2,0,0,3,3,2,0,0,1,1,0,0,3.552,benign
83,43,35,8,6,1,0,5,10,17,3,0,0,1,0,0,4.243,phishing
45,14,17,1,0,0,0,2,6,2,0,0,1,0,0,0,2.519,benign
171,37,36,6,2,0,0,1,7,4,1,0,1,1,0,0,5.387,phishing
18,19,18,2,2,0,0,2,5,5,1,0,1,0,0,0,3.76,benign
67,50,31,2,5,0,3,4,3,11,2,0,0,1,1,0,4.937,phishing
74,14,9,3,0,0,2,2,5,1,1,0,1,0,0,0,3.712,benign
142,42,42,3,5,0,1,4,10,5,1,0,1,1,0,1,5.063,phishing
23,23,6,2,1,0,0,2,3,0,1,0,1,0,0,0,3.283,benign
115,34,68,7,2,1,3,0,8,11,4,0,0,1,0,0,4.525,phishing
